id;identifier;name;description
1;Representative;payment Avon;harness technologies
2;Kentucky violet Shoes;feed bypassing matrix;Fresh Flats revolutionize
3;Cambridgeshire;Avon;Concrete invoice
4;Profound;Grocery Steel content-based;high-level quantifying
5;program Dynamic;Kentucky Cambridgeshire Falkland Islands Pound;global
6;Communications;red bypassing;Markets monitor
7;focus group Shirt;1080p;Monitored copying Lakes
8;forecast IB Points;driver;Hills Delaware
9;generating;Mobility;Integrated
10;enhance;Sports;Pound Sterling
